{"cameraMode":{"drawMode":0,"name":"Shaded","section":"Shading Mode"},"sceneLighting":false,"audioPlay":false,"sceneViewState":{"m_AlwaysRefresh":false,"showFog":true,"showSkybox":false,"showFlares":true,"showImageEffects":true,"showParticleSystems":true,"showVisualEffectGraphs":true,"m_FxEnabled":true},"in2DMode":false,"pivot":{"x":0.051224589347839358,"y":-1.9534392356872559,"z":6.456334590911865},"rotation":{"x":-0.32607245445251467,"y":-0.037129830569028857,"z":0.012880903668701649,"w":-0.9445687532424927},"size":0.8660253882408142,"orthographic":false}